PartitionKey,RowKey,Timestamp,Id,Id@type,Area,Area@type,AgeGroup,AgeGroup@type,Gender,Gender@type,Income,Income@type,Status,Status@type,FullName,FullName@type,DateOfBirth,DateOfBirth@type,Region,Region@type,IsEarning,IsEarning@type,HeadOfFamily,HeadOfFamily@type,Race,Race@type,FamilyIncome,FamilyIncome@type,Age,Age@type
India,01e247f0-85f4-470c-afef-5065bcf07944,2021-11-25T14:01:04.295Z,3,Edm.Int32,Dhaka,Edm.String,66-75 years,Edm.String,Female,Edm.String,> $10k,Edm.String,UnInsured,Edm.String,,,,,,,,,,,,,,,,
India,02599e3d-6a20-4301-8373-c310554ede00,2021-11-23T03:36:47.338Z,1,Edm.Int32,Delhi,Edm.String,66-75 years,Edm.String,Male,Edm.String,> $10k,Edm.String,UnInsured,Edm.String,,,,,,,,,,,,,,,,
India,033ba8da-71bd-4b62-9548-8d77a9e6c2d9,2021-11-22T17:32:14.017Z,2,Edm.Int32,India,Edm.String,66-75 years,Edm.String,Male,Edm.String,> $10k,Edm.String,UnInsured,Edm.String,,,,,,,,,,,,,,,,
India,0410ab06-6295-4614-bf42-5527e543debc,2021-11-22T13:04:07.298Z,1,Edm.Int32,Delhi,Edm.String,66-75 years,Edm.String,Male,Edm.String,> $10k,Edm.String,UnInsured,Edm.String,,,,,,,,,,,,,,,,
India,04d3e5bf-c48b-4e17-91dd-c1028df75dea,2021-11-22T03:58:50.411Z,1,Edm.Int32,Delhi,Edm.String,66-75 years,Edm.String,Male,Edm.String,> $10k,Edm.String,UnInsured,Edm.String,,,,,,,,,,,,,,,,
India,078bd3cd-5d4f-4cc5-a6e3-69f534a3a7fc,2021-11-23T09:31:15.664Z,3,Edm.Int32,Delhi,Edm.String,66-75 years,Edm.String,Female,Edm.String,> $10k,Edm.String,UnInsured,Edm.String,,,,,,,,,,,,,,,,
India,088d34df-88fa-4a7a-9db1-23d1779cf21b,2021-11-22T13:06:07.997Z,1,Edm.Int32,Delhi,Edm.String,66-75 years,Edm.String,Male,Edm.String,> $10k,Edm.String,UnInsured,Edm.String,,,,,,,,,,,,,,,,
India,089472b0-0e34-403c-9961-a9094b2ee756,2021-11-22T02:26:33.997Z,2,Edm.Int32,,,66-75 years,Edm.String,Male,Edm.String,> $10k,Edm.String,UnInsured,Edm.String,,,,,,,,,,,,,,,,
India,0a640c26-8cd7-4ad4-a26b-2613a4129332,2021-11-23T09:13:51.753Z,1,Edm.Int32,Seoul,Edm.String,66-75 years,Edm.String,Male,Edm.String,> $10k,Edm.String,UnInsured,Edm.String,,,,,,,,,,,,,,,,
India,0b49be4e-f725-43c5-b3e9-2121b4c32ef2,2021-11-22T10:23:42.250Z,2,Edm.Int32,Delhi,Edm.String,66-75 years,Edm.String,Male,Edm.String,> $10k,Edm.String,UnInsured,Edm.String,,,,,,,,,,,,,,,,
India,0c09956d-04cc-48fd-a462-82e8952ec000,2021-11-22T11:56:08.765Z,2,Edm.Int32,Delhi,Edm.String,66-75 years,Edm.String,Male,Edm.String,> $10k,Edm.String,UnInsured,Edm.String,,,,,,,,,,,,,,,,
India,0cda23c6-8a39-4fca-906f-a2a35b5d034c,2021-11-23T02:47:55.758Z,2,Edm.Int32,India,Edm.String,66-75 years,Edm.String,Male,Edm.String,> $10k,Edm.String,UnInsured,Edm.String,,,,,,,,,,,,,,,,
India,0cfe6bdb-b6fa-4d8b-8c60-cdc4c5ab59eb,2021-11-23T03:33:42.255Z,3,Edm.Int32,undefined,Edm.String,66-75 years,Edm.String,Female,Edm.String,> $10k,Edm.String,UnInsured,Edm.String,,,,,,,,,,,,,,,,
India,0d2852d4-4a86-420f-ac73-ca6207b9547e,2021-11-23T09:14:42.859Z,2,Edm.Int32,Seoul,Edm.String,66-75 years,Edm.String,Male,Edm.String,> $10k,Edm.String,UnInsured,Edm.String,,,,,,,,,,,,,,,,
India,0ec20d93-c819-4c9d-8dcb-79fd45302f46,2021-11-22T03:55:36.309Z,2,Edm.Int32,Delhi,Edm.String,66-75 years,Edm.String,Male,Edm.String,> $10k,Edm.String,UnInsured,Edm.String,,,,,,,,,,,,,,,,
India,0f6e7244-1975-475c-8977-024448057628,2021-11-23T07:13:00.225Z,1,Edm.Int32,Delhi,Edm.String,66-75 years,Edm.String,Male,Edm.String,> $10k,Edm.String,UnInsured,Edm.String,,,,,,,,,,,,,,,,
India,112aa175-51f4-4dbc-9d87-d8a44b0dd0cf,2021-11-22T13:00:29.045Z,3,Edm.Int32,Delhi,Edm.String,66-75 years,Edm.String,Female,Edm.String,> $10k,Edm.String,UnInsured,Edm.String,,,,,,,,,,,,,,,,
India,114d2d75-c096-4bc4-9c8d-79fe6fbd6218,2021-11-23T08:33:06.730Z,1,Edm.Int32,Delhi,Edm.String,66-75 years,Edm.String,Male,Edm.String,> $10k,Edm.String,UnInsured,Edm.String,,,,,,,,,,,,,,,,
India,11a909aa-2692-4802-9813-8dc51aa3d8af,2021-11-23T03:33:52.634Z,1,Edm.Int32,undefined,Edm.String,66-75 years,Edm.String,Male,Edm.String,> $10k,Edm.String,UnInsured,Edm.String,,,,,,,,,,,,,,,,
India,11b79e99-d3e3-429b-ad3b-865ade71953f,2021-11-22T02:21:31.970Z,2,Edm.Int32,,,66-75 years,Edm.String,Male,Edm.String,> $10k,Edm.String,UnInsured,Edm.String,,,,,,,,,,,,,,,,
India,1415ec9a-0530-4fc7-bab7-a88d517126c7,2021-11-23T11:04:15.008Z,2,Edm.Int32,Delhi,Edm.String,66-75 years,Edm.String,Male,Edm.String,> $10k,Edm.String,UnInsured,Edm.String,,,,,,,,,,,,,,,,
India,1434b8ce-1918-4ab8-8d65-94048e81fe3e,2021-11-22T12:00:10.463Z,2,Edm.Int32,Delhi,Edm.String,66-75 years,Edm.String,Male,Edm.String,> $10k,Edm.String,UnInsured,Edm.String,,,,,,,,,,,,,,,,
India,145-54-123-5326,2021-11-22T00:32:54.034Z,,,,,,,Male,Edm.String,,,,,Ganesh Yella,Edm.String,04-08-1951,Edm.String,Asia Pacific,Edm.String,Yes,Edm.String,Yes,Edm.String,Native,Edm.String,3778.74,Edm.String,70,Edm.Int32
India,1450cc2f-5047-493f-94ba-1fa6d48fbbeb,2021-11-22T17:32:21.746Z,3,Edm.Int32,India,Edm.String,66-75 years,Edm.String,Female,Edm.String,> $10k,Edm.String,UnInsured,Edm.String,,,,,,,,,,,,,,,,
India,145e6569-f9dd-484c-9916-7840e763643d,2021-11-23T03:13:17.950Z,2,Edm.Int32,undefined,Edm.String,66-75 years,Edm.String,Male,Edm.String,> $10k,Edm.String,UnInsured,Edm.String,,,,,,,,,,,,,,,,
India,17065e0f-ecc1-4ab6-b7a4-7c07018bbfa1,2021-11-22T17:19:34.633Z,1,Edm.Int32,Delhi,Edm.String,66-75 years,Edm.String,Male,Edm.String,> $10k,Edm.String,UnInsured,Edm.String,,,,,,,,,,,,,,,,
India,17b55d0e-8699-4487-ba3e-161c1672cf85,2021-11-22T02:29:56.865Z,3,Edm.Int32,Delhi,Edm.String,66-75 years,Edm.String,Female,Edm.String,> $10k,Edm.String,UnInsured,Edm.String,,,,,,,,,,,,,,,,
India,181577bd-c70f-4b11-90b1-69fb274b3c8c,2021-11-22T23:32:08.764Z,1,Edm.Int32,Caribbean Sea,Edm.String,66-75 years,Edm.String,Male,Edm.String,> $10k,Edm.String,UnInsured,Edm.String,,,,,,,,,,,,,,,,
India,1a300870-fd14-483b-8ad9-dea4b5c726a7,2021-11-23T04:49:39.829Z,3,Edm.Int32,Cibitoke,Edm.String,66-75 years,Edm.String,Female,Edm.String,> $10k,Edm.String,UnInsured,Edm.String,,,,,,,,,,,,,,,,
India,1a7a2ef9-24c0-4541-8f6a-e202f66bf51e,2021-11-22T03:50:09.594Z,2,Edm.Int32,Delhi,Edm.String,66-75 years,Edm.String,Male,Edm.String,> $10k,Edm.String,UnInsured,Edm.String,,,,,,,,,,,,,,,,
India,1b4ef5af-3262-4fd4-9c8e-59a769039563,2021-11-22T17:19:20.349Z,2,Edm.Int32,Delhi,Edm.String,66-75 years,Edm.String,Male,Edm.String,> $10k,Edm.String,UnInsured,Edm.String,,,,,,,,,,,,,,,,
India,1c4b256f-d923-4df3-9aa2-b9d7bdd8d485,2021-11-22T13:34:01.592Z,3,Edm.Int32,Delhi,Edm.String,66-75 years,Edm.String,Female,Edm.String,> $10k,Edm.String,UnInsured,Edm.String,,,,,,,,,,,,,,,,
India,1eab1822-c26d-4c36-af88-026975eef181,2021-11-22T13:25:25.617Z,1,Edm.Int32,Delhi,Edm.String,66-75 years,Edm.String,Male,Edm.String,> $10k,Edm.String,UnInsured,Edm.String,,,,,,,,,,,,,,,,
India,1ec5c7a7-dcd6-44db-8694-b8c3d02f4734,2021-11-22T09:54:50.511Z,2,Edm.Int32,Delhi,Edm.String,66-75 years,Edm.String,Male,Edm.String,> $10k,Edm.String,UnInsured,Edm.String,,,,,,,,,,,,,,,,
India,1f99b82e-8a2a-41c8-beea-47afd40f8d9f,2021-11-22T12:30:39.428Z,3,Edm.Int32,Delhi,Edm.String,66-75 years,Edm.String,Female,Edm.String,> $10k,Edm.String,UnInsured,Edm.String,,,,,,,,,,,,,,,,
India,20b1279b-5af7-472d-ba08-3528868aa41d,2021-11-22T09:13:47.808Z,2,Edm.Int32,Delhi,Edm.String,66-75 years,Edm.String,Male,Edm.String,> $10k,Edm.String,UnInsured,Edm.String,,,,,,,,,,,,,,,,
India,2118a5ae-3a5f-42fb-a615-52c0f7dbba75,2021-11-22T12:02:35.161Z,3,Edm.Int32,Delhi,Edm.String,66-75 years,Edm.String,Female,Edm.String,> $10k,Edm.String,UnInsured,Edm.String,,,,,,,,,,,,,,,,
India,22388239-9f07-4092-a633-6169e6806eff,2021-11-22T11:58:44.522Z,3,Edm.Int32,Delhi,Edm.String,66-75 years,Edm.String,Female,Edm.String,> $10k,Edm.String,UnInsured,Edm.String,,,,,,,,,,,,,,,,
India,22a8ccb7-8ba5-49e0-83af-ad5e1d9773a7,2021-11-22T12:02:35.135Z,2,Edm.Int32,Delhi,Edm.String,66-75 years,Edm.String,Male,Edm.String,> $10k,Edm.String,UnInsured,Edm.String,,,,,,,,,,,,,,,,
India,22cad4c9-f859-43d6-a933-e75669fcaf3d,2021-11-22T13:00:29.009Z,2,Edm.Int32,Delhi,Edm.String,66-75 years,Edm.String,Male,Edm.String,> $10k,Edm.String,UnInsured,Edm.String,,,,,,,,,,,,,,,,
India,231d921f-2e51-45cc-934a-215d81ebb246,2021-11-22T17:19:43.931Z,3,Edm.Int32,Delhi,Edm.String,66-75 years,Edm.String,Female,Edm.String,> $10k,Edm.String,UnInsured,Edm.String,,,,,,,,,,,,,,,,
India,233-43-231-0945,2021-11-22T00:32:54.086Z,,,,,,,Male,Edm.String,,,,,Deepak Chauhan,Edm.String,10-01-1954,Edm.String,Asia Pacific,Edm.String,Yes,Edm.String,Yes,Edm.String,Native,Edm.String,4091.88,Edm.String,67,Edm.Int32
India,2384f8d3-6ab1-4902-ac48-1221d4a69fd6,2021-11-22T13:04:07.328Z,2,Edm.Int32,Delhi,Edm.String,66-75 years,Edm.String,Male,Edm.String,> $10k,Edm.String,UnInsured,Edm.String,,,,,,,,,,,,,,,,
India,28a794e9-bb76-4520-9e9f-b1019176d101,2021-11-22T13:08:01.036Z,3,Edm.Int32,Delhi,Edm.String,66-75 years,Edm.String,Female,Edm.String,> $10k,Edm.String,UnInsured,Edm.String,,,,,,,,,,,,,,,,
India,29293369-86eb-4dd1-a0a2-c48aee9c1386,2021-11-22T12:49:05.579Z,1,Edm.Int32,Delhi,Edm.String,66-75 years,Edm.String,Male,Edm.String,> $10k,Edm.String,UnInsured,Edm.String,,,,,,,,,,,,,,,,
India,29f48b1c-f203-4007-8904-41c95b7229b1,2021-11-22T17:15:16.882Z,3,Edm.Int32,Delhi,Edm.String,66-75 years,Edm.String,Female,Edm.String,> $10k,Edm.String,UnInsured,Edm.String,,,,,,,,,,,,,,,,
India,2a17e5ec-5eb9-4b98-91e9-6c43f50db294,2021-11-23T09:31:15.608Z,1,Edm.Int32,Delhi,Edm.String,66-75 years,Edm.String,Male,Edm.String,> $10k,Edm.String,UnInsured,Edm.String,,,,,,,,,,,,,,,,
India,2a5409b2-db7d-4d40-b4bb-7744b65e1890,2021-11-22T10:56:30.901Z,3,Edm.Int32,Delhi,Edm.String,66-75 years,Edm.String,Female,Edm.String,> $10k,Edm.String,UnInsured,Edm.String,,,,,,,,,,,,,,,,
India,2cadb902-85af-4d4d-bc42-c7ffdbe28b27,2021-11-22T13:00:14.716Z,3,Edm.Int32,Delhi,Edm.String,66-75 years,Edm.String,Female,Edm.String,> $10k,Edm.String,UnInsured,Edm.String,,,,,,,,,,,,,,,,
India,2db64cd3-c312-4d8a-90a5-867b939c48aa,2021-11-22T09:54:45.538Z,1,Edm.Int32,Delhi,Edm.String,66-75 years,Edm.String,Male,Edm.String,> $10k,Edm.String,UnInsured,Edm.String,,,,,,,,,,,,,,,,
India,2dfe9154-e288-45b4-968a-ace574a0e4e2,2021-11-22T13:31:16.851Z,3,Edm.Int32,Delhi,Edm.String,66-75 years,Edm.String,Female,Edm.String,> $10k,Edm.String,UnInsured,Edm.String,,,,,,,,,,,,,,,,
India,2e209826-9a6b-48f2-a584-746908d4b52f,2021-11-22T11:54:15.461Z,2,Edm.Int32,Delhi,Edm.String,66-75 years,Edm.String,Male,Edm.String,> $10k,Edm.String,UnInsured,Edm.String,,,,,,,,,,,,,,,,
India,2eab2e58-261a-40c3-8dff-3979e4bd8f96,2021-11-22T17:15:16.799Z,1,Edm.Int32,Delhi,Edm.String,66-75 years,Edm.String,Male,Edm.String,> $10k,Edm.String,UnInsured,Edm.String,,,,,,,,,,,,,,,,
India,309c13bf-e10a-4a0d-b190-fae5c4736229,2021-11-23T09:14:42.831Z,1,Edm.Int32,Seoul,Edm.String,66-75 years,Edm.String,Male,Edm.String,> $10k,Edm.String,UnInsured,Edm.String,,,,,,,,,,,,,,,,
India,31ab1a7a-dfd6-4b49-9d7f-a27121d47d96,2021-11-23T05:28:51.444Z,2,Edm.Int32,Delhi,Edm.String,66-75 years,Edm.String,Male,Edm.String,> $10k,Edm.String,UnInsured,Edm.String,,,,,,,,,,,,,,,,
India,324f27c2-3e56-49dc-bb91-b848a2ba8a42,2021-11-22T10:09:07.182Z,3,Edm.Int32,Delhi,Edm.String,66-75 years,Edm.String,Female,Edm.String,> $10k,Edm.String,UnInsured,Edm.String,,,,,,,,,,,,,,,,
India,326215d0-ddba-43f4-a0ed-9316b2858184,2021-11-22T12:23:00.435Z,2,Edm.Int32,Delhi,Edm.String,66-75 years,Edm.String,Male,Edm.String,> $10k,Edm.String,UnInsured,Edm.String,,,,,,,,,,,,,,,,
India,3361b135-1e1d-4a3c-bfc3-9e3a8c648c77,2021-11-22T13:00:14.685Z,2,Edm.Int32,Delhi,Edm.String,66-75 years,Edm.String,Male,Edm.String,> $10k,Edm.String,UnInsured,Edm.String,,,,,,,,,,,,,,,,
India,33a34db7-3d0b-4a1a-b477-32e445e1a4a4,2021-11-22T13:05:23.541Z,1,Edm.Int32,Delhi,Edm.String,66-75 years,Edm.String,Male,Edm.String,> $10k,Edm.String,UnInsured,Edm.String,,,,,,,,,,,,,,,,
India,347558de-96a6-420d-a4f3-70bbd2d1a9ca,2021-11-22T13:07:15.032Z,1,Edm.Int32,Delhi,Edm.String,66-75 years,Edm.String,Male,Edm.String,> $10k,Edm.String,UnInsured,Edm.String,,,,,,,,,,,,,,,,
India,36702eec-f184-4077-9262-f16a191c5665,2021-11-23T11:01:07.498Z,1,Edm.Int32,Maharashtra,Edm.String,66-75 years,Edm.String,Male,Edm.String,> $10k,Edm.String,UnInsured,Edm.String,,,,,,,,,,,,,,,,
India,36ed203b-941f-4aec-a229-0512f590d436,2021-11-22T17:19:20.309Z,1,Edm.Int32,Delhi,Edm.String,66-75 years,Edm.String,Male,Edm.String,> $10k,Edm.String,UnInsured,Edm.String,,,,,,,,,,,,,,,,
India,378131e1-3fb3-4a51-8f15-85f81eee5cd9,2021-11-22T10:09:07.151Z,2,Edm.Int32,Delhi,Edm.String,66-75 years,Edm.String,Male,Edm.String,> $10k,Edm.String,UnInsured,Edm.String,,,,,,,,,,,,,,,,
India,378d3542-60c4-4df4-9c1d-c6b3ecaed68d,2021-11-23T06:54:50.872Z,3,Edm.Int32,Delhi,Edm.String,66-75 years,Edm.String,Female,Edm.String,> $10k,Edm.String,UnInsured,Edm.String,,,,,,,,,,,,,,,,
India,37a73fa1-d4ff-40fc-bb84-6ecf9906c1a1,2021-11-22T03:55:36.269Z,1,Edm.Int32,Delhi,Edm.String,66-75 years,Edm.String,Male,Edm.String,> $10k,Edm.String,UnInsured,Edm.String,,,,,,,,,,,,,,,,
India,397-78-800-0212,2021-11-22T00:32:54.120Z,,,,,,,Female,Edm.String,,,,,Kavita Tyagi,Edm.String,3/13/1949,Edm.String,Asia Pacific,Edm.String,Yes,Edm.String,Yes,Edm.String,Indian,Edm.String,1678.51,Edm.String,72,Edm.Int32
India,39752342-8a3d-49ea-948b-26c06bec4126,2021-11-23T11:01:07.556Z,2,Edm.Int32,Maharashtra,Edm.String,66-75 years,Edm.String,Male,Edm.String,> $10k,Edm.String,UnInsured,Edm.String,,,,,,,,,,,,,,,,
India,3a52c223-d4e0-4581-a745-d418b466ca84,2021-11-23T09:13:51.831Z,3,Edm.Int32,Seoul,Edm.String,66-75 years,Edm.String,Female,Edm.String,> $10k,Edm.String,UnInsured,Edm.String,,,,,,,,,,,,,,,,
India,3ab7c40d-ecd8-43e3-8c2d-4d7a0c403a90,2021-11-22T10:23:42.283Z,3,Edm.Int32,Delhi,Edm.String,66-75 years,Edm.String,Female,Edm.String,> $10k,Edm.String,UnInsured,Edm.String,,,,,,,,,,,,,,,,
India,3bd76636-4ef2-497a-9e91-38176b1a8108,2021-11-22T13:04:07.357Z,3,Edm.Int32,Delhi,Edm.String,66-75 years,Edm.String,Female,Edm.String,> $10k,Edm.String,UnInsured,Edm.String,,,,,,,,,,,,,,,,
India,3be53bbe-695f-436f-a217-299a0d51e042,2021-11-22T02:21:32.017Z,3,Edm.Int32,,,66-75 years,Edm.String,Female,Edm.String,> $10k,Edm.String,UnInsured,Edm.String,,,,,,,,,,,,,,,,
India,3c1fccc1-409a-45cb-96a2-0a7d7530110c,2021-11-22T10:56:13.739Z,1,Edm.Int32,Delhi,Edm.String,66-75 years,Edm.String,Male,Edm.String,> $10k,Edm.String,UnInsured,Edm.String,,,,,,,,,,,,,,,,
India,3c363739-ffc4-4080-b8da-0e836f969b88,2021-11-22T10:34:17.453Z,2,Edm.Int32,Delhi,Edm.String,66-75 years,Edm.String,Male,Edm.String,> $10k,Edm.String,UnInsured,Edm.String,,,,,,,,,,,,,,,,
India,3c73032c-df27-45d2-b11e-0740502c51b6,2021-11-22T13:25:25.646Z,2,Edm.Int32,Delhi,Edm.String,66-75 years,Edm.String,Male,Edm.String,> $10k,Edm.String,UnInsured,Edm.String,,,,,,,,,,,,,,,,
India,3c8b62f0-e8f1-4453-a9be-42eab009352e,2021-11-23T09:31:15.637Z,2,Edm.Int32,Delhi,Edm.String,66-75 years,Edm.String,Male,Edm.String,> $10k,Edm.String,UnInsured,Edm.String,,,,,,,,,,,,,,,,
India,3cd72d3c-afb5-4e5c-83d1-a42dda1e62f3,2021-11-22T12:02:44.596Z,2,Edm.Int32,Delhi,Edm.String,66-75 years,Edm.String,Male,Edm.String,> $10k,Edm.String,UnInsured,Edm.String,,,,,,,,,,,,,,,,
India,3cf7b310-0771-4276-a884-097cf88193a0,2021-11-22T02:29:46.182Z,1,Edm.Int32,,,66-75 years,Edm.String,Male,Edm.String,> $10k,Edm.String,UnInsured,Edm.String,,,,,,,,,,,,,,,,
India,3d67aed6-d91b-40c3-a30c-2d49b5308caa,2021-11-22T02:29:46.236Z,2,Edm.Int32,,,66-75 years,Edm.String,Male,Edm.String,> $10k,Edm.String,UnInsured,Edm.String,,,,,,,,,,,,,,,,
India,3dc5bd46-aca1-4cdb-a222-9fdaec0ac520,2021-11-22T10:23:42.219Z,1,Edm.Int32,Delhi,Edm.String,66-75 years,Edm.String,Male,Edm.String,> $10k,Edm.String,UnInsured,Edm.String,,,,,,,,,,,,,,,,
India,3e011aae-f122-4579-98e7-2e794ae3ea0c,2021-11-22T17:19:43.851Z,1,Edm.Int32,Delhi,Edm.String,66-75 years,Edm.String,Male,Edm.String,> $10k,Edm.String,UnInsured,Edm.String,,,,,,,,,,,,,,,,
India,4064620b-4f78-40c2-aae3-18ec73b8dbee,2021-11-22T10:21:47.509Z,3,Edm.Int32,Delhi,Edm.String,66-75 years,Edm.String,Female,Edm.String,> $10k,Edm.String,UnInsured,Edm.String,,,,,,,,,,,,,,,,
India,407413fd-a957-4390-88ab-f96f78c5a374,2021-11-23T04:18:10.922Z,2,Edm.Int32,Delhi,Edm.String,66-75 years,Edm.String,Male,Edm.String,> $10k,Edm.String,UnInsured,Edm.String,,,,,,,,,,,,,,,,
India,408c9b9b-70ac-4805-a7be-0ad70ef07a2e,2021-11-22T13:00:28.982Z,1,Edm.Int32,Delhi,Edm.String,66-75 years,Edm.String,Male,Edm.String,> $10k,Edm.String,UnInsured,Edm.String,,,,,,,,,,,,,,,,
India,40930ff3-89f1-4a63-8c80-ffefc5aa04b1,2021-11-22T11:58:44.494Z,2,Edm.Int32,Delhi,Edm.String,66-75 years,Edm.String,Male,Edm.String,> $10k,Edm.String,UnInsured,Edm.String,,,,,,,,,,,,,,,,
India,42f9be6c-3a6f-487e-86bd-820bfa72b3f9,2021-11-22T10:56:30.871Z,2,Edm.Int32,Delhi,Edm.String,66-75 years,Edm.String,Male,Edm.String,> $10k,Edm.String,UnInsured,Edm.String,,,,,,,,,,,,,,,,
India,44390020-aa05-49cd-9023-3f819fcc6e71,2021-11-22T09:54:50.547Z,3,Edm.Int32,Delhi,Edm.String,66-75 years,Edm.String,Female,Edm.String,> $10k,Edm.String,UnInsured,Edm.String,,,,,,,,,,,,,,,,
India,447ae914-0343-46f7-82a2-c8cf66f8bd1f,2021-11-22T03:44:56.206Z,1,Edm.Int32,Delhi,Edm.String,66-75 years,Edm.String,Male,Edm.String,> $10k,Edm.String,UnInsured,Edm.String,,,,,,,,,,,,,,,,
India,44b2c050-30e0-4bfa-808d-c7db1fe61712,2021-11-22T10:25:04.791Z,2,Edm.Int32,Delhi,Edm.String,66-75 years,Edm.String,Male,Edm.String,> $10k,Edm.String,UnInsured,Edm.String,,,,,,,,,,,,,,,,
India,4765c43d-47fe-4015-b007-0c51d43b6db4,2021-11-22T10:56:13.792Z,2,Edm.Int32,Delhi,Edm.String,66-75 years,Edm.String,Male,Edm.String,> $10k,Edm.String,UnInsured,Edm.String,,,,,,,,,,,,,,,,
India,47c6b784-26d2-4916-934d-f41c2a5f9e45,2021-11-22T09:54:50.196Z,2,Edm.Int32,Delhi,Edm.String,66-75 years,Edm.String,Male,Edm.String,> $10k,Edm.String,UnInsured,Edm.String,,,,,,,,,,,,,,,,
India,484e7337-84c7-4081-8934-631cac9e9db8,2021-11-22T12:33:35.231Z,1,Edm.Int32,Delhi,Edm.String,66-75 years,Edm.String,Male,Edm.String,> $10k,Edm.String,UnInsured,Edm.String,,,,,,,,,,,,,,,,
India,496b0a93-648b-4301-ac3c-3f05643c20a7,2021-11-23T03:33:49.026Z,2,Edm.Int32,undefined,Edm.String,66-75 years,Edm.String,Male,Edm.String,> $10k,Edm.String,UnInsured,Edm.String,,,,,,,,,,,,,,,,
India,4a4718e0-65d9-4d79-817e-252358607313,2021-11-22T13:32:09.411Z,2,Edm.Int32,Delhi,Edm.String,66-75 years,Edm.String,Male,Edm.String,> $10k,Edm.String,UnInsured,Edm.String,,,,,,,,,,,,,,,,
India,4a69cc26-bce8-4087-8570-c405c10c0223,2021-11-23T05:28:51.378Z,1,Edm.Int32,Delhi,Edm.String,66-75 years,Edm.String,Male,Edm.String,> $10k,Edm.String,UnInsured,Edm.String,,,,,,,,,,,,,,,,
India,4c590fb2-d21d-4c35-971a-1f4cb9ea228d,2021-11-22T13:34:01.564Z,2,Edm.Int32,Delhi,Edm.String,66-75 years,Edm.String,Male,Edm.String,> $10k,Edm.String,UnInsured,Edm.String,,,,,,,,,,,,,,,,
India,4d77f200-bb01-4082-85dd-32ca1e02b5d2,2021-11-22T12:26:13.922Z,1,Edm.Int32,Delhi,Edm.String,66-75 years,Edm.String,Male,Edm.String,> $10k,Edm.String,UnInsured,Edm.String,,,,,,,,,,,,,,,,
India,4d83dd9c-63d8-46a1-9faf-5495a203d252,2021-11-22T03:58:50.452Z,2,Edm.Int32,Delhi,Edm.String,66-75 years,Edm.String,Male,Edm.String,> $10k,Edm.String,UnInsured,Edm.String,,,,,,,,,,,,,,,,
India,4d9c94b9-6246-42bb-ac2e-26f595a2d8db,2021-11-22T12:49:05.605Z,2,Edm.Int32,Delhi,Edm.String,66-75 years,Edm.String,Male,Edm.String,> $10k,Edm.String,UnInsured,Edm.String,,,,,,,,,,,,,,,,
India,4e3914fc-d8b3-4c09-aca6-827daaa34010,2021-11-22T12:49:05.633Z,3,Edm.Int32,Delhi,Edm.String,66-75 years,Edm.String,Female,Edm.String,> $10k,Edm.String,UnInsured,Edm.String,,,,,,,,,,,,,,,,
India,4e76169e-748f-4b86-bd89-a63b2e820c72,2021-11-22T13:25:25.701Z,3,Edm.Int32,Delhi,Edm.String,66-75 years,Edm.String,Female,Edm.String,> $10k,Edm.String,UnInsured,Edm.String,,,,,,,,,,,,,,,,
India,5091731d-99cd-4c59-8d4c-88883bdda70a,2021-11-22T13:06:08.093Z,3,Edm.Int32,Delhi,Edm.String,66-75 years,Edm.String,Female,Edm.String,> $10k,Edm.String,UnInsured,Edm.String,,,,,,,,,,,,,,,,
India,514d28d4-fcbc-4aa0-8a98-760fdf9f9579,2021-11-22T03:56:09.404Z,3,Edm.Int32,Delhi,Edm.String,66-75 years,Edm.String,Female,Edm.String,> $10k,Edm.String,UnInsured,Edm.String,,,,,,,,,,,,,,,,
India,516ad838-1360-4b70-a008-b00df42fe2f8,2021-11-22T12:47:54.685Z,2,Edm.Int32,Delhi,Edm.String,66-75 years,Edm.String,Male,Edm.String,> $10k,Edm.String,UnInsured,Edm.String,,,,,,,,,,,,,,,,
India,53f24ee1-8aa6-469a-87a3-676a0100076b,2021-11-22T17:32:21.715Z,2,Edm.Int32,India,Edm.String,66-75 years,Edm.String,Male,Edm.String,> $10k,Edm.String,UnInsured,Edm.String,,,,,,,,,,,,,,,,
India,54d273fe-e1cb-424e-92f3-5044e5df2731,2021-11-22T12:02:44.623Z,3,Edm.Int32,Delhi,Edm.String,66-75 years,Edm.String,Female,Edm.String,> $10k,Edm.String,UnInsured,Edm.String,,,,,,,,,,,,,,,,
India,56a99766-1fc3-404a-8942-3349f3a460fa,2021-11-22T13:07:15.069Z,2,Edm.Int32,Delhi,Edm.String,66-75 years,Edm.String,Male,Edm.String,> $10k,Edm.String,UnInsured,Edm.String,,,,,,,,,,,,,,,,
India,56c794a0-1cd7-46a6-8a16-8c43011c83c8,2021-11-22T13:27:51.182Z,3,Edm.Int32,Delhi,Edm.String,66-75 years,Edm.String,Female,Edm.String,> $10k,Edm.String,UnInsured,Edm.String,,,,,,,,,,,,,,,,
India,56f139e4-5456-49a7-a39e-90e856b7dc3f,2021-11-22T12:02:44.568Z,1,Edm.Int32,Delhi,Edm.String,66-75 years,Edm.String,Male,Edm.String,> $10k,Edm.String,UnInsured,Edm.String,,,,,,,,,,,,,,,,
India,5ba2e5ae-6e2d-49b4-90cb-a5d26788eabf,2021-11-22T12:26:13.985Z,3,Edm.Int32,Delhi,Edm.String,66-75 years,Edm.String,Female,Edm.String,> $10k,Edm.String,UnInsured,Edm.String,,,,,,,,,,,,,,,,
India,5c3d96fc-52cc-4f95-9792-ce9f90d42ba4,2021-11-22T13:31:23.003Z,1,Edm.Int32,Delhi,Edm.String,66-75 years,Edm.String,Male,Edm.String,> $10k,Edm.String,UnInsured,Edm.String,,,,,,,,,,,,,,,,
India,5e2ce666-d3cd-44f8-9195-906cd66d6ec9,2021-11-22T10:09:07.102Z,1,Edm.Int32,Delhi,Edm.String,66-75 years,Edm.String,Male,Edm.String,> $10k,Edm.String,UnInsured,Edm.String,,,,,,,,,,,,,,,,
India,5e9272d0-fe4d-48f7-958f-414561c729c2,2021-11-22T02:29:46.289Z,3,Edm.Int32,,,66-75 years,Edm.String,Female,Edm.String,> $10k,Edm.String,UnInsured,Edm.String,,,,,,,,,,,,,,,,
India,5efeb4b3-2630-412f-bf3f-2a8920e251f2,2021-11-22T13:31:16.822Z,2,Edm.Int32,Delhi,Edm.String,66-75 years,Edm.String,Male,Edm.String,> $10k,Edm.String,UnInsured,Edm.String,,,,,,,,,,,,,,,,
India,5f832047-3d05-4fa0-a05f-1c429979d2d3,2021-11-22T03:58:50.502Z,3,Edm.Int32,Delhi,Edm.String,66-75 years,Edm.String,Female,Edm.String,> $10k,Edm.String,UnInsured,Edm.String,,,,,,,,,,,,,,,,
India,63e2b0b4-0cc7-4746-aaea-7649c10132a8,2021-11-22T13:05:23.616Z,3,Edm.Int32,Delhi,Edm.String,66-75 years,Edm.String,Female,Edm.String,> $10k,Edm.String,UnInsured,Edm.String,,,,,,,,,,,,,,,,
India,63f5e4bb-b224-4589-91d0-2e6aeb2a6fa9,2021-11-22T12:23:00.319Z,1,Edm.Int32,Delhi,Edm.String,66-75 years,Edm.String,Male,Edm.String,> $10k,Edm.String,UnInsured,Edm.String,,,,,,,,,,,,,,,,
India,6473bfea-d058-48f6-bcda-dfccc2b4b63e,2021-11-22T09:54:50.477Z,1,Edm.Int32,Delhi,Edm.String,66-75 years,Edm.String,Male,Edm.String,> $10k,Edm.String,UnInsured,Edm.String,,,,,,,,,,,,,,,,
India,64944c52-88d6-49eb-9ab4-04ae8d4de3d0,2021-11-22T13:01:53.846Z,2,Edm.Int32,Delhi,Edm.String,66-75 years,Edm.String,Male,Edm.String,> $10k,Edm.String,UnInsured,Edm.String,,,,,,,,,,,,,,,,
India,649befdf-c7e0-4cf7-8bf8-59594c9fba77,2021-11-23T03:36:47.369Z,2,Edm.Int32,Delhi,Edm.String,66-75 years,Edm.String,Male,Edm.String,> $10k,Edm.String,UnInsured,Edm.String,,,,,,,,,,,,,,,,
India,64b956e8-e5af-4d96-8ecd-07586cb3fb06,2021-11-22T10:56:28.365Z,1,Edm.Int32,Delhi,Edm.String,66-75 years,Edm.String,Male,Edm.String,> $10k,Edm.String,UnInsured,Edm.String,,,,,,,,,,,,,,,,
India,652721f0-82cb-457e-b4df-557bddb3ac60,2021-11-23T11:04:15.039Z,3,Edm.Int32,Delhi,Edm.String,66-75 years,Edm.String,Female,Edm.String,> $10k,Edm.String,UnInsured,Edm.String,,,,,,,,,,,,,,,,
India,657cf195-21aa-4381-b54c-b0a6893b65b3,2021-11-22T13:31:23.031Z,2,Edm.Int32,Delhi,Edm.String,66-75 years,Edm.String,Male,Edm.String,> $10k,Edm.String,UnInsured,Edm.String,,,,,,,,,,,,,,,,
India,65b806d4-8f8f-4b70-9409-f72ec33ce505,2021-11-22T03:44:56.324Z,3,Edm.Int32,Delhi,Edm.String,66-75 years,Edm.String,Female,Edm.String,> $10k,Edm.String,UnInsured,Edm.String,,,,,,,,,,,,,,,,
India,6741dafd-1013-48a8-8b4e-6863d9cff04c,2021-11-22T10:21:47.445Z,1,Edm.Int32,Delhi,Edm.String,66-75 years,Edm.String,Male,Edm.String,> $10k,Edm.String,UnInsured,Edm.String,,,,,,,,,,,,,,,,
India,677c6b62-0161-493f-a6dd-946e823120e1,2021-11-22T09:54:50.164Z,1,Edm.Int32,Delhi,Edm.String,66-75 years,Edm.String,Male,Edm.String,> $10k,Edm.String,UnInsured,Edm.String,,,,,,,,,,,,,,,,
India,681f8df8-101e-433f-b8d0-17a19fded3e1,2021-11-22T12:23:00.468Z,3,Edm.Int32,Delhi,Edm.String,66-75 years,Edm.String,Female,Edm.String,> $10k,Edm.String,UnInsured,Edm.String,,,,,,,,,,,,,,,,
India,6ae65aa3-3c6d-4059-82ce-fc743d622d6e,2021-11-22T12:56:01.968Z,3,Edm.Int32,Delhi,Edm.String,66-75 years,Edm.String,Female,Edm.String,> $10k,Edm.String,UnInsured,Edm.String,,,,,,,,,,,,,,,,
India,6b0f2d17-f9d5-4dda-9f14-611a49f9641f,2021-11-22T02:26:34.047Z,3,Edm.Int32,,,66-75 years,Edm.String,Female,Edm.String,> $10k,Edm.String,UnInsured,Edm.String,,,,,,,,,,,,,,,,
India,6b1271d7-2024-4861-b552-e31ce730df11,2021-11-22T13:08:00.969Z,1,Edm.Int32,Delhi,Edm.String,66-75 years,Edm.String,Male,Edm.String,> $10k,Edm.String,UnInsured,Edm.String,,,,,,,,,,,,,,,,
India,6cdf38d9-1a8e-4e39-861f-fc3524c200ec,2021-11-22T10:13:12.114Z,1,Edm.Int32,Delhi,Edm.String,66-75 years,Edm.String,Male,Edm.String,> $10k,Edm.String,UnInsured,Edm.String,,,,,,,,,,,,,,,,
India,6fc74589-282f-4315-ae7a-9d139f6f5757,2021-11-22T10:13:12.144Z,2,Edm.Int32,Delhi,Edm.String,66-75 years,Edm.String,Male,Edm.String,> $10k,Edm.String,UnInsured,Edm.String,,,,,,,,,,,,,,,,
India,6fd67114-5278-47b0-afcc-046f8c9f5a0b,2021-11-23T05:28:51.478Z,3,Edm.Int32,Delhi,Edm.String,66-75 years,Edm.String,Female,Edm.String,> $10k,Edm.String,UnInsured,Edm.String,,,,,,,,,,,,,,,,
India,70439904-f0a0-48f0-a3e1-5a955bca1d3f,2021-11-22T12:33:35.288Z,3,Edm.Int32,Delhi,Edm.String,66-75 years,Edm.String,Female,Edm.String,> $10k,Edm.String,UnInsured,Edm.String,,,,,,,,,,,,,,,,
India,70ae1be6-9a55-4ba7-a4bd-179838a2e01b,2021-11-23T08:33:06.793Z,3,Edm.Int32,Delhi,Edm.String,66-75 years,Edm.String,Female,Edm.String,> $10k,Edm.String,UnInsured,Edm.String,,,,,,,,,,,,,,,,
India,7104862a-96d5-4568-933a-e5f29f94e22e,2021-11-22T10:56:36.080Z,1,Edm.Int32,Delhi,Edm.String,66-75 years,Edm.String,Male,Edm.String,> $10k,Edm.String,UnInsured,Edm.String,,,,,,,,,,,,,,,,
India,71411326-9be3-4209-8027-6015b0b62c3b,2021-11-23T04:50:12.350Z,2,Edm.Int32,Bihar,Edm.String,66-75 years,Edm.String,Male,Edm.String,> $10k,Edm.String,UnInsured,Edm.String,,,,,,,,,,,,,,,,
India,71bd0805-e582-431e-9cff-cb8c03eb6cb0,2021-11-25T14:01:04.229Z,2,Edm.Int32,Dhaka,Edm.String,66-75 years,Edm.String,Male,Edm.String,> $10k,Edm.String,UnInsured,Edm.String,,,,,,,,,,,,,,,,
India,727737e7-effd-45d6-ba82-3d52cf4ae123,2021-11-22T13:00:14.659Z,1,Edm.Int32,Delhi,Edm.String,66-75 years,Edm.String,Male,Edm.String,> $10k,Edm.String,UnInsured,Edm.String,,,,,,,,,,,,,,,,
India,72b9f7c2-c669-4762-8d51-7f02fcaf12bf,2021-11-22T11:58:44.466Z,1,Edm.Int32,Delhi,Edm.String,66-75 years,Edm.String,Male,Edm.String,> $10k,Edm.String,UnInsured,Edm.String,,,,,,,,,,,,,,,,
India,72c27129-8f75-4d4e-87fa-4e9bb4f36611,2021-11-22T13:31:23.061Z,3,Edm.Int32,Delhi,Edm.String,66-75 years,Edm.String,Female,Edm.String,> $10k,Edm.String,UnInsured,Edm.String,,,,,,,,,,,,,,,,
India,76ceabfb-fc06-4598-a962-d21e42814cad,2021-11-22T11:59:24.838Z,1,Edm.Int32,Delhi,Edm.String,66-75 years,Edm.String,Male,Edm.String,> $10k,Edm.String,UnInsured,Edm.String,,,,,,,,,,,,,,,,
India,77a36197-b6b8-4d1c-b311-58cd86866af5,2021-11-22T11:59:24.892Z,3,Edm.Int32,Delhi,Edm.String,66-75 years,Edm.String,Female,Edm.String,> $10k,Edm.String,UnInsured,Edm.String,,,,,,,,,,,,,,,,
India,78fc3515-f93c-435f-b27b-b420898f1d59,2021-11-22T10:56:28.397Z,2,Edm.Int32,Delhi,Edm.String,66-75 years,Edm.String,Male,Edm.String,> $10k,Edm.String,UnInsured,Edm.String,,,,,,,,,,,,,,,,
India,7985f2e4-c176-47b7-9449-324b6a66893f,2021-11-22T12:26:13.953Z,2,Edm.Int32,Delhi,Edm.String,66-75 years,Edm.String,Male,Edm.String,> $10k,Edm.String,UnInsured,Edm.String,,,,,,,,,,,,,,,,
India,79abab90-8b94-49df-ab22-a89e7f7f75f4,2021-11-23T04:18:10.890Z,1,Edm.Int32,Delhi,Edm.String,66-75 years,Edm.String,Male,Edm.String,> $10k,Edm.String,UnInsured,Edm.String,,,,,,,,,,,,,,,,
India,79b8ebb0-f964-436d-863e-0a2e7d4a0b3b,2021-11-22T09:54:50.230Z,3,Edm.Int32,Delhi,Edm.String,66-75 years,Edm.String,Female,Edm.String,> $10k,Edm.String,UnInsured,Edm.String,,,,,,,,,,,,,,,,
India,7a1b1460-caad-4a54-b307-dcc815a16987,2021-11-22T17:32:19.269Z,1,Edm.Int32,India,Edm.String,66-75 years,Edm.String,Male,Edm.String,> $10k,Edm.String,UnInsured,Edm.String,,,,,,,,,,,,,,,,
India,7b101f34-ac8b-43d6-88c5-d88cee828f2f,2021-11-23T04:49:46.932Z,2,Edm.Int32,Muramvya,Edm.String,66-75 years,Edm.String,Male,Edm.String,> $10k,Edm.String,UnInsured,Edm.String,,,,,,,,,,,,,,,,
India,7f3d181f-adf5-46ba-93d5-3c48c9436eec,2021-11-22T23:32:08.797Z,2,Edm.Int32,Caribbean Sea,Edm.String,66-75 years,Edm.String,Male,Edm.String,> $10k,Edm.String,UnInsured,Edm.String,,,,,,,,,,,,,,,,
India,7fcf7d32-670a-4e5d-a89a-f97b72ae9de8,2021-11-23T04:18:10.950Z,3,Edm.Int32,Delhi,Edm.String,66-75 years,Edm.String,Female,Edm.String,> $10k,Edm.String,UnInsured,Edm.String,,,,,,,,,,,,,,,,
India,81100794-8d15-4546-89f1-ab64438f8aa5,2021-11-22T23:31:57.177Z,1,Edm.Int32,Caribbean Sea,Edm.String,66-75 years,Edm.String,Male,Edm.String,> $10k,Edm.String,UnInsured,Edm.String,,,,,,,,,,,,,,,,
India,82275a56-9601-41c0-b974-6b2e195c8d81,2021-11-22T17:15:16.850Z,2,Edm.Int32,Delhi,Edm.String,66-75 years,Edm.String,Male,Edm.String,> $10k,Edm.String,UnInsured,Edm.String,,,,,,,,,,,,,,,,
India,82d5fa34-fbb1-4a63-a8dc-8a40203d787d,2021-11-23T09:13:51.803Z,2,Edm.Int32,Seoul,Edm.String,66-75 years,Edm.String,Male,Edm.String,> $10k,Edm.String,UnInsured,Edm.String,,,,,,,,,,,,,,,,
India,82f84977-185d-4997-bf44-7215851c0614,2021-11-22T13:31:16.792Z,1,Edm.Int32,Delhi,Edm.String,66-75 years,Edm.String,Male,Edm.String,> $10k,Edm.String,UnInsured,Edm.String,,,,,,,,,,,,,,,,
India,85ad3086-6774-4d3c-867b-fe0a8c9a351b,2021-11-23T03:36:47.400Z,3,Edm.Int32,Delhi,Edm.String,66-75 years,Edm.String,Female,Edm.String,> $10k,Edm.String,UnInsured,Edm.String,,,,,,,,,,,,,,,,
India,86ff36ce-02df-4e37-9f6f-5dc7f0c83078,2021-11-22T13:34:01.537Z,1,Edm.Int32,Delhi,Edm.String,66-75 years,Edm.String,Male,Edm.String,> $10k,Edm.String,UnInsured,Edm.String,,,,,,,,,,,,,,,,
India,899e9485-e38e-49f2-8155-ab09857709aa,2021-11-22T17:24:38.772Z,3,Edm.Int32,India,Edm.String,66-75 years,Edm.String,Female,Edm.String,> $10k,Edm.String,UnInsured,Edm.String,,,,,,,,,,,,,,,,
India,8b231184-acb0-4697-b71b-9c263cc7f3e4,2021-11-22T12:30:39.358Z,1,Edm.Int32,Delhi,Edm.String,66-75 years,Edm.String,Male,Edm.String,> $10k,Edm.String,UnInsured,Edm.String,,,,,,,,,,,,,,,,
India,8c90c8fe-2aa2-426f-987f-9febe19eeb4e,2021-11-22T13:32:09.383Z,1,Edm.Int32,Delhi,Edm.String,66-75 years,Edm.String,Male,Edm.String,> $10k,Edm.String,UnInsured,Edm.String,,,,,,,,,,,,,,,,
India,8f39884b-3e1f-41b8-b47f-bd8581254939,2021-11-23T04:49:46.970Z,3,Edm.Int32,Muramvya,Edm.String,66-75 years,Edm.String,Female,Edm.String,> $10k,Edm.String,UnInsured,Edm.String,,,,,,,,,,,,,,,,
India,8f794d1a-ce92-4555-8fc2-75a6fbe84e2b,2021-11-23T03:13:17.899Z,1,Edm.Int32,undefined,Edm.String,66-75 years,Edm.String,Male,Edm.String,> $10k,Edm.String,UnInsured,Edm.String,,,,,,,,,,,,,,,,
India,8ffe46ab-ee82-40ea-af0b-d7c586127760,2021-11-22T11:59:24.865Z,2,Edm.Int32,Delhi,Edm.String,66-75 years,Edm.String,Male,Edm.String,> $10k,Edm.String,UnInsured,Edm.String,,,,,,,,,,,,,,,,
India,91f880c0-473a-48fd-baca-c5b4b52fc630,2021-11-22T13:33:39.056Z,3,Edm.Int32,Delhi,Edm.String,66-75 years,Edm.String,Female,Edm.String,> $10k,Edm.String,UnInsured,Edm.String,,,,,,,,,,,,,,,,
India,926cb0fb-d6e9-42f9-a21f-6c69d7fd5387,2021-11-25T14:01:04.161Z,1,Edm.Int32,Dhaka,Edm.String,66-75 years,Edm.String,Male,Edm.String,> $10k,Edm.String,UnInsured,Edm.String,,,,,,,,,,,,,,,,
India,932c685a-c55a-4dfd-aaca-d52b6c22087b,2021-11-22T13:30:45.169Z,2,Edm.Int32,Delhi,Edm.String,66-75 years,Edm.String,Male,Edm.String,> $10k,Edm.String,UnInsured,Edm.String,,,,,,,,,,,,,,,,
India,945f8a09-e1c2-4b3b-864c-56da6fd48652,2021-11-22T09:13:47.780Z,1,Edm.Int32,Delhi,Edm.String,66-75 years,Edm.String,Male,Edm.String,> $10k,Edm.String,UnInsured,Edm.String,,,,,,,,,,,,,,,,
India,94b659b9-87af-426b-abba-a30b587f0f91,2021-11-22T11:54:15.509Z,3,Edm.Int32,Delhi,Edm.String,66-75 years,Edm.String,Female,Edm.String,> $10k,Edm.String,UnInsured,Edm.String,,,,,,,,,,,,,,,,
India,95ffb91b-7f0a-4113-9917-a4e101f10d94,2021-11-22T09:54:45.572Z,2,Edm.Int32,Delhi,Edm.String,66-75 years,Edm.String,Male,Edm.String,> $10k,Edm.String,UnInsured,Edm.String,,,,,,,,,,,,,,,,
India,96a91e8a-e5c4-46a3-afbb-2043ff48c35c,2021-11-22T03:50:09.639Z,3,Edm.Int32,Delhi,Edm.String,66-75 years,Edm.String,Female,Edm.String,> $10k,Edm.String,UnInsured,Edm.String,,,,,,,,,,,,,,,,
India,97ae2d20-7e75-45dd-b010-2f670ec72b6a,2021-11-22T11:54:15.415Z,1,Edm.Int32,Delhi,Edm.String,66-75 years,Edm.String,Male,Edm.String,> $10k,Edm.String,UnInsured,Edm.String,,,,,,,,,,,,,,,,
India,9961b9fb-fb08-4e2a-a845-bd497a4a8a32,2021-11-22T03:53:31.382Z,2,Edm.Int32,Delhi,Edm.String,66-75 years,Edm.String,Male,Edm.String,> $10k,Edm.String,UnInsured,Edm.String,,,,,,,,,,,,,,,,
India,99bf0f1c-df2c-4d35-83f5-6f095ca50ec7,2021-11-22T12:00:10.491Z,3,Edm.Int32,Delhi,Edm.String,66-75 years,Edm.String,Female,Edm.String,> $10k,Edm.String,UnInsured,Edm.String,,,,,,,,,,,,,,,,
India,9b22aac6-4a82-4ec3-b1a8-4bb5b294690d,2021-11-22T12:56:01.939Z,2,Edm.Int32,Delhi,Edm.String,66-75 years,Edm.String,Male,Edm.String,> $10k,Edm.String,UnInsured,Edm.String,,,,,,,,,,,,,,,,
India,9c62c2ad-a1de-4503-8c20-cb321fe0dca0,2021-11-22T17:32:14.048Z,3,Edm.Int32,India,Edm.String,66-75 years,Edm.String,Female,Edm.String,> $10k,Edm.String,UnInsured,Edm.String,,,,,,,,,,,,,,,,
India,9c7f7482-ee0e-412c-bdf8-000e4e5c21aa,2021-11-23T03:09:53.280Z,3,Edm.Int32,India,Edm.String,66-75 years,Edm.String,Female,Edm.String,> $10k,Edm.String,UnInsured,Edm.String,,,,,,,,,,,,,,,,
India,9e5cb3ca-4702-4c84-a398-06271cf6e936,2021-11-23T04:50:12.382Z,3,Edm.Int32,Bihar,Edm.String,66-75 years,Edm.String,Female,Edm.String,> $10k,Edm.String,UnInsured,Edm.String,,,,,,,,,,,,,,,,
India,9fb8bb9d-da0a-49bb-9130-a1afa5f49f6f,2021-11-22T03:50:09.548Z,1,Edm.Int32,Delhi,Edm.String,66-75 years,Edm.String,Male,Edm.String,> $10k,Edm.String,UnInsured,Edm.String,,,,,,,,,,,,,,,,
India,9fc4e555-b8d8-4952-9805-213984484015,2021-11-23T03:33:42.224Z,2,Edm.Int32,undefined,Edm.String,66-75 years,Edm.String,Male,Edm.String,> $10k,Edm.String,UnInsured,Edm.String,,,,,,,,,,,,,,,,
India,a0110ec8-910b-4902-8432-67147103d97a,2021-11-22T09:07:05.729Z,2,Edm.Int32,Delhi,Edm.String,66-75 years,Edm.String,Male,Edm.String,> $10k,Edm.String,UnInsured,Edm.String,,,,,,,,,,,,,,,,
India,a0258818-62d5-4d99-bcf9-48d5da811f68,2021-11-22T13:30:45.139Z,1,Edm.Int32,Delhi,Edm.String,66-75 years,Edm.String,Male,Edm.String,> $10k,Edm.String,UnInsured,Edm.String,,,,,,,,,,,,,,,,
India,a5d8469b-b8d3-4720-b34e-b0d96fbe5c74,2021-11-22T12:33:35.261Z,2,Edm.Int32,Delhi,Edm.String,66-75 years,Edm.String,Male,Edm.String,> $10k,Edm.String,UnInsured,Edm.String,,,,,,,,,,,,,,,,
India,a6091a8d-09a4-47fc-bcdc-29ae6959e761,2021-11-22T12:02:35.106Z,1,Edm.Int32,Delhi,Edm.String,66-75 years,Edm.String,Male,Edm.String,> $10k,Edm.String,UnInsured,Edm.String,,,,,,,,,,,,,,,,
India,a9a55c2d-41aa-4a7c-a90b-18947b4bcb94,2021-11-23T04:49:46.903Z,1,Edm.Int32,Muramvya,Edm.String,66-75 years,Edm.String,Male,Edm.String,> $10k,Edm.String,UnInsured,Edm.String,,,,,,,,,,,,,,,,
India,aa3f2271-b324-49e2-9a82-ccc6404ec732,2021-11-23T07:13:00.281Z,3,Edm.Int32,Delhi,Edm.String,66-75 years,Edm.String,Female,Edm.String,> $10k,Edm.String,UnInsured,Edm.String,,,,,,,,,,,,,,,,
India,ad23dec5-5351-4336-85fe-673f5c75ca9f,2021-11-22T12:00:10.434Z,1,Edm.Int32,Delhi,Edm.String,66-75 years,Edm.String,Male,Edm.String,> $10k,Edm.String,UnInsured,Edm.String,,,,,,,,,,,,,,,,
India,ad448e37-df65-4ede-b731-6f56c116ab00,2021-11-22T12:30:39.386Z,2,Edm.Int32,Delhi,Edm.String,66-75 years,Edm.String,Male,Edm.String,> $10k,Edm.String,UnInsured,Edm.String,,,,,,,,,,,,,,,,
India,ae0b18d3-6531-4921-a463-a4edd108b697,2021-11-22T09:54:45.606Z,3,Edm.Int32,Delhi,Edm.String,66-75 years,Edm.String,Female,Edm.String,> $10k,Edm.String,UnInsured,Edm.String,,,,,,,,,,,,,,,,
India,b00cf252-c1c9-4e6f-962a-a5bac393bbdc,2021-11-23T03:33:49.057Z,3,Edm.Int32,undefined,Edm.String,66-75 years,Edm.String,Female,Edm.String,> $10k,Edm.String,UnInsured,Edm.String,,,,,,,,,,,,,,,,
India,b148f6f6-00f3-4f79-a060-d462f0b86f9d,2021-11-23T02:47:55.788Z,3,Edm.Int32,India,Edm.String,66-75 years,Edm.String,Female,Edm.String,> $10k,Edm.String,UnInsured,Edm.String,,,,,,,,,,,,,,,,
India,b1ae5a2b-37a2-42bd-a60b-3004691b9864,2021-11-22T10:21:47.479Z,2,Edm.Int32,Delhi,Edm.String,66-75 years,Edm.String,Male,Edm.String,> $10k,Edm.String,UnInsured,Edm.String,,,,,,,,,,,,,,,,
India,b27863b9-d40b-4186-ab04-4363041fbc7c,2021-11-22T02:29:56.817Z,2,Edm.Int32,Delhi,Edm.String,66-75 years,Edm.String,Male,Edm.String,> $10k,Edm.String,UnInsured,Edm.String,,,,,,,,,,,,,,,,
India,b33e2458-8c03-49a2-9e40-aaa4d2152893,2021-11-22T13:08:01.003Z,2,Edm.Int32,Delhi,Edm.String,66-75 years,Edm.String,Male,Edm.String,> $10k,Edm.String,UnInsured,Edm.String,,,,,,,,,,,,,,,,
India,b54ee2d5-cf5e-430e-8604-3897b5cc5831,2021-11-22T12:56:01.907Z,1,Edm.Int32,Delhi,Edm.String,66-75 years,Edm.String,Male,Edm.String,> $10k,Edm.String,UnInsured,Edm.String,,,,,,,,,,,,,,,,
India,b5feb953-0306-49e1-bfa2-ec7cf7493c7f,2021-11-22T17:32:21.685Z,1,Edm.Int32,India,Edm.String,66-75 years,Edm.String,Male,Edm.String,> $10k,Edm.String,UnInsured,Edm.String,,,,,,,,,,,,,,,,
India,b99981ca-6069-416e-b07f-99f0ac634157,2021-11-23T03:33:52.665Z,2,Edm.Int32,undefined,Edm.String,66-75 years,Edm.String,Male,Edm.String,> $10k,Edm.String,UnInsured,Edm.String,,,,,,,,,,,,,,,,
India,b9e3c0e5-0098-4a12-bf75-8eb8aa5da4d8,2021-11-22T17:24:38.735Z,2,Edm.Int32,India,Edm.String,66-75 years,Edm.String,Male,Edm.String,> $10k,Edm.String,UnInsured,Edm.String,,,,,,,,,,,,,,,,
India,bb18206d-f545-4470-bc9a-4a49a18a3903,2021-11-22T10:56:34.259Z,3,Edm.Int32,Delhi,Edm.String,66-75 years,Edm.String,Female,Edm.String,> $10k,Edm.String,UnInsured,Edm.String,,,,,,,,,,,,,,,,
India,bd55f4d1-f5d1-4ad4-8738-55d67901826a,2021-11-22T17:19:34.670Z,2,Edm.Int32,Delhi,Edm.String,66-75 years,Edm.String,Male,Edm.String,> $10k,Edm.String,UnInsured,Edm.String,,,,,,,,,,,,,,,,
India,bdb67755-48e9-4185-a86d-eeb276708ef6,2021-11-23T03:09:53.249Z,2,Edm.Int32,India,Edm.String,66-75 years,Edm.String,Male,Edm.String,> $10k,Edm.String,UnInsured,Edm.String,,,,,,,,,,,,,,,,
India,bdc71c19-0685-4fe9-bb11-ae193b867f87,2021-11-22T10:25:04.759Z,1,Edm.Int32,Delhi,Edm.String,66-75 years,Edm.String,Male,Edm.String,> $10k,Edm.String,UnInsured,Edm.String,,,,,,,,,,,,,,,,
India,be9713da-8228-4bc9-b3e1-d74e8ae1f21e,2021-11-22T23:32:08.832Z,3,Edm.Int32,Caribbean Sea,Edm.String,66-75 years,Edm.String,Female,Edm.String,> $10k,Edm.String,UnInsured,Edm.String,,,,,,,,,,,,,,,,
India,bf0ef73b-1673-41a3-bc1c-8acf9ebd3b78,2021-11-23T06:54:50.839Z,2,Edm.Int32,Delhi,Edm.String,66-75 years,Edm.String,Male,Edm.String,> $10k,Edm.String,UnInsured,Edm.String,,,,,,,,,,,,,,,,
India,c111d0f5-16ea-4374-a8ec-64c926b1d882,2021-11-22T02:29:56.766Z,1,Edm.Int32,Delhi,Edm.String,66-75 years,Edm.String,Male,Edm.String,> $10k,Edm.String,UnInsured,Edm.String,,,,,,,,,,,,,,,,
India,c2d58cfa-2c1f-4c7e-b5fe-dc83016592c5,2021-11-22T13:01:53.819Z,1,Edm.Int32,Delhi,Edm.String,66-75 years,Edm.String,Male,Edm.String,> $10k,Edm.String,UnInsured,Edm.String,,,,,,,,,,,,,,,,
India,c40ae454-ef67-4696-b318-a20858e02de1,2021-11-22T10:56:13.829Z,3,Edm.Int32,Delhi,Edm.String,66-75 years,Edm.String,Female,Edm.String,> $10k,Edm.String,UnInsured,Edm.String,,,,,,,,,,,,,,,,
India,c4f83987-b577-40c5-80df-55cc9568b571,2021-11-23T04:49:39.748Z,1,Edm.Int32,Cibitoke,Edm.String,66-75 years,Edm.String,Male,Edm.String,> $10k,Edm.String,UnInsured,Edm.String,,,,,,,,,,,,,,,,
India,c5007164-c469-4dca-ad4e-79fe7879445e,2021-11-22T02:21:31.926Z,1,Edm.Int32,,,66-75 years,Edm.String,Male,Edm.String,> $10k,Edm.String,UnInsured,Edm.String,,,,,,,,,,,,,,,,
India,c65e7372-8a65-4a57-bd2b-7eb48d1ebf0e,2021-11-22T12:47:54.724Z,3,Edm.Int32,Delhi,Edm.String,66-75 years,Edm.String,Female,Edm.String,> $10k,Edm.String,UnInsured,Edm.String,,,,,,,,,,,,,,,,
India,c66f08eb-73df-4177-a49a-97c4af316add,2021-11-22T09:13:47.838Z,3,Edm.Int32,Delhi,Edm.String,66-75 years,Edm.String,Female,Edm.String,> $10k,Edm.String,UnInsured,Edm.String,,,,,,,,,,,,,,,,
India,c75837a6-59cc-409f-aece-185ab2ff956f,2021-11-22T13:05:23.578Z,2,Edm.Int32,Delhi,Edm.String,66-75 years,Edm.String,Male,Edm.String,> $10k,Edm.String,UnInsured,Edm.String,,,,,,,,,,,,,,,,
India,c8cc68b4-2535-4c0c-ac45-9f22a4c9cf69,2021-11-22T09:07:05.756Z,3,Edm.Int32,Delhi,Edm.String,66-75 years,Edm.String,Female,Edm.String,> $10k,Edm.String,UnInsured,Edm.String,,,,,,,,,,,,,,,,
India,c9672d9f-582d-414e-bac2-aa844df4b1fd,2021-11-23T09:14:42.886Z,3,Edm.Int32,Seoul,Edm.String,66-75 years,Edm.String,Female,Edm.String,> $10k,Edm.String,UnInsured,Edm.String,,,,,,,,,,,,,,,,
India,ca3fb294-605c-4705-a36b-1351d5a03ee4,2021-11-22T10:25:04.823Z,3,Edm.Int32,Delhi,Edm.String,66-75 years,Edm.String,Female,Edm.String,> $10k,Edm.String,UnInsured,Edm.String,,,,,,,,,,,,,,,,
India,ca71e64e-8b2a-4ecc-a0a0-fb379de73f07,2021-11-22T03:55:36.350Z,3,Edm.Int32,Delhi,Edm.String,66-75 years,Edm.String,Female,Edm.String,> $10k,Edm.String,UnInsured,Edm.String,,,,,,,,,,,,,,,,
India,caea867a-4fc4-4325-a75a-29c269fc3d99,2021-11-23T06:54:50.731Z,1,Edm.Int32,Delhi,Edm.String,66-75 years,Edm.String,Male,Edm.String,> $10k,Edm.String,UnInsured,Edm.String,,,,,,,,,,,,,,,,
India,cb676cac-64a7-487d-8cb0-01a2da5a8c47,2021-11-23T04:50:12.322Z,1,Edm.Int32,Bihar,Edm.String,66-75 years,Edm.String,Male,Edm.String,> $10k,Edm.String,UnInsured,Edm.String,,,,,,,,,,,,,,,,
India,cce01333-0aa7-4811-9d65-18c52fd4312d,2021-11-23T02:47:55.712Z,1,Edm.Int32,India,Edm.String,66-75 years,Edm.String,Male,Edm.String,> $10k,Edm.String,UnInsured,Edm.String,,,,,,,,,,,,,,,,
India,cd203b7b-223b-40e3-b295-f0c572036417,2021-11-23T03:09:53.217Z,1,Edm.Int32,India,Edm.String,66-75 years,Edm.String,Male,Edm.String,> $10k,Edm.String,UnInsured,Edm.String,,,,,,,,,,,,,,,,
India,cec2fdb7-3a3a-4e20-a0ac-5571d21c7ed7,2021-11-23T04:49:39.791Z,2,Edm.Int32,Cibitoke,Edm.String,66-75 years,Edm.String,Male,Edm.String,> $10k,Edm.String,UnInsured,Edm.String,,,,,,,,,,,,,,,,
India,d15d1900-8abf-4a6e-bc88-72451b6e7e51,2021-11-22T10:56:34.228Z,2,Edm.Int32,Delhi,Edm.String,66-75 years,Edm.String,Male,Edm.String,> $10k,Edm.String,UnInsured,Edm.String,,,,,,,,,,,,,,,,
India,d212d3d0-9a66-48b4-9464-c09cef93a2c0,2021-11-22T23:31:57.212Z,2,Edm.Int32,Caribbean Sea,Edm.String,66-75 years,Edm.String,Male,Edm.String,> $10k,Edm.String,UnInsured,Edm.String,,,,,,,,,,,,,,,,
India,d2ab7b8d-5f26-4ad3-91d9-63d04ea2f8ad,2021-11-23T07:13:00.255Z,2,Edm.Int32,Delhi,Edm.String,66-75 years,Edm.String,Male,Edm.String,> $10k,Edm.String,UnInsured,Edm.String,,,,,,,,,,,,,,,,
India,d35be20a-e6a3-4c3c-a03b-11cb5ea119fe,2021-11-22T03:53:31.429Z,3,Edm.Int32,Delhi,Edm.String,66-75 years,Edm.String,Female,Edm.String,> $10k,Edm.String,UnInsured,Edm.String,,,,,,,,,,,,,,,,
India,d6ca4352-0c35-4c5e-8e59-66074839d52d,2021-11-23T11:01:07.611Z,3,Edm.Int32,Maharashtra,Edm.String,66-75 years,Edm.String,Female,Edm.String,> $10k,Edm.String,UnInsured,Edm.String,,,,,,,,,,,,,,,,
India,d7a2266a-36f2-4ca4-89c4-0337235a2488,2021-11-22T10:56:36.145Z,3,Edm.Int32,Delhi,Edm.String,66-75 years,Edm.String,Female,Edm.String,> $10k,Edm.String,UnInsured,Edm.String,,,,,,,,,,,,,,,,
India,d7b3e7d4-035d-4c39-9c47-407593a3634e,2021-11-22T17:19:34.709Z,3,Edm.Int32,Delhi,Edm.String,66-75 years,Edm.String,Female,Edm.String,> $10k,Edm.String,UnInsured,Edm.String,,,,,,,,,,,,,,,,
India,d7e8425f-64cb-4297-902a-73b17d538ebf,2021-11-22T13:07:15.103Z,3,Edm.Int32,Delhi,Edm.String,66-75 years,Edm.String,Female,Edm.String,> $10k,Edm.String,UnInsured,Edm.String,,,,,,,,,,,,,,,,
India,d82a0646-3bb5-40c4-bf40-8fcbc2135964,2021-11-22T13:27:51.111Z,1,Edm.Int32,Delhi,Edm.String,66-75 years,Edm.String,Male,Edm.String,> $10k,Edm.String,UnInsured,Edm.String,,,,,,,,,,,,,,,,
India,d9744e8e-04e8-4edc-aebf-56b6f1807f06,2021-11-22T09:07:05.701Z,1,Edm.Int32,Delhi,Edm.String,66-75 years,Edm.String,Male,Edm.String,> $10k,Edm.String,UnInsured,Edm.String,,,,,,,,,,,,,,,,
India,da14dea4-1566-4708-b847-4ff0d0ecf891,2021-11-22T13:27:51.154Z,2,Edm.Int32,Delhi,Edm.String,66-75 years,Edm.String,Male,Edm.String,> $10k,Edm.String,UnInsured,Edm.String,,,,,,,,,,,,,,,,
India,dab024f1-50e2-4157-9bc4-ef746e2d16ec,2021-11-22T03:56:09.322Z,1,Edm.Int32,Delhi,Edm.String,66-75 years,Edm.String,Male,Edm.String,> $10k,Edm.String,UnInsured,Edm.String,,,,,,,,,,,,,,,,
India,db322108-b626-4ba5-a080-26b7a1433718,2021-11-22T03:44:56.282Z,2,Edm.Int32,Delhi,Edm.String,66-75 years,Edm.String,Male,Edm.String,> $10k,Edm.String,UnInsured,Edm.String,,,,,,,,,,,,,,,,
India,dd6639d4-785b-44db-943a-d4680480195a,2021-11-23T11:04:14.975Z,1,Edm.Int32,Delhi,Edm.String,66-75 years,Edm.String,Male,Edm.String,> $10k,Edm.String,UnInsured,Edm.String,,,,,,,,,,,,,,,,
India,de8e9e9b-fa0d-46d1-8560-0a36376b7385,2021-11-22T03:53:31.335Z,1,Edm.Int32,Delhi,Edm.String,66-75 years,Edm.String,Male,Edm.String,> $10k,Edm.String,UnInsured,Edm.String,,,,,,,,,,,,,,,,
India,de91b579-2b6b-4343-8769-e36c6ef04b17,2021-11-22T10:56:34.198Z,1,Edm.Int32,Delhi,Edm.String,66-75 years,Edm.String,Male,Edm.String,> $10k,Edm.String,UnInsured,Edm.String,,,,,,,,,,,,,,,,
India,dea5e0ca-19a6-4a59-8cbd-eec22a2ba9ad,2021-11-22T17:32:19.334Z,3,Edm.Int32,India,Edm.String,66-75 years,Edm.String,Female,Edm.String,> $10k,Edm.String,UnInsured,Edm.String,,,,,,,,,,,,,,,,
India,e0b1fc8a-a7ab-407f-90bc-df73843d1b09,2021-11-22T13:01:53.874Z,3,Edm.Int32,Delhi,Edm.String,66-75 years,Edm.String,Female,Edm.String,> $10k,Edm.String,UnInsured,Edm.String,,,,,,,,,,,,,,,,
India,e3670c43-efe9-438c-9c75-9a66e75f7deb,2021-11-22T17:32:19.302Z,2,Edm.Int32,India,Edm.String,66-75 years,Edm.String,Male,Edm.String,> $10k,Edm.String,UnInsured,Edm.String,,,,,,,,,,,,,,,,
India,e4180bf7-ecba-4293-bcdf-84fcacfb3c19,2021-11-22T11:56:08.796Z,3,Edm.Int32,Delhi,Edm.String,66-75 years,Edm.String,Female,Edm.String,> $10k,Edm.String,UnInsured,Edm.String,,,,,,,,,,,,,,,,
India,e551113a-ad91-4df3-a419-74937940f611,2021-11-22T13:06:08.031Z,2,Edm.Int32,Delhi,Edm.String,66-75 years,Edm.String,Male,Edm.String,> $10k,Edm.String,UnInsured,Edm.String,,,,,,,,,,,,,,,,
India,e5d96258-fbda-42fa-b4dc-af0d734517f1,2021-11-22T10:13:12.174Z,3,Edm.Int32,Delhi,Edm.String,66-75 years,Edm.String,Female,Edm.String,> $10k,Edm.String,UnInsured,Edm.String,,,,,,,,,,,,,,,,
India,e607eb8b-aa04-4a90-97f9-33df6b8621a2,2021-11-22T10:56:28.429Z,3,Edm.Int32,Delhi,Edm.String,66-75 years,Edm.String,Female,Edm.String,> $10k,Edm.String,UnInsured,Edm.String,,,,,,,,,,,,,,,,
India,e6d0b88b-d0a4-4644-be35-27d9eba7266a,2021-11-22T13:33:38.990Z,2,Edm.Int32,Delhi,Edm.String,66-75 years,Edm.String,Male,Edm.String,> $10k,Edm.String,UnInsured,Edm.String,,,,,,,,,,,,,,,,
India,e79a24d9-07f4-463e-aba4-91b3f4a40399,2021-11-22T13:30:45.222Z,3,Edm.Int32,Delhi,Edm.String,66-75 years,Edm.String,Female,Edm.String,> $10k,Edm.String,UnInsured,Edm.String,,,,,,,,,,,,,,,,
India,e83f9cd7-aec3-4e5a-9598-255079f0b29b,2021-11-22T17:24:38.698Z,1,Edm.Int32,India,Edm.String,66-75 years,Edm.String,Male,Edm.String,> $10k,Edm.String,UnInsured,Edm.String,,,,,,,,,,,,,,,,
India,e85df0cd-0f59-4f84-b6b7-eeeb83b6fcea,2021-11-22T17:19:43.893Z,2,Edm.Int32,Delhi,Edm.String,66-75 years,Edm.String,Male,Edm.String,> $10k,Edm.String,UnInsured,Edm.String,,,,,,,,,,,,,,,,
India,e88d9022-88fa-4cd1-829b-cbc5a1be3cf5,2021-11-22T17:32:13.983Z,1,Edm.Int32,India,Edm.String,66-75 years,Edm.String,Male,Edm.String,> $10k,Edm.String,UnInsured,Edm.String,,,,,,,,,,,,,,,,
India,e9bfa1ec-82c0-42f1-9333-27ed1ccaa818,2021-11-22T02:26:33.945Z,1,Edm.Int32,,,66-75 years,Edm.String,Male,Edm.String,> $10k,Edm.String,UnInsured,Edm.String,,,,,,,,,,,,,,,,
India,ea5458df-0aea-4990-9f45-0bf0da61d574,2021-11-23T03:33:52.696Z,3,Edm.Int32,undefined,Edm.String,66-75 years,Edm.String,Female,Edm.String,> $10k,Edm.String,UnInsured,Edm.String,,,,,,,,,,,,,,,,
India,ea8ed7ed-f72e-4e5f-8c39-a44ce7767a4d,2021-11-22T03:56:09.362Z,2,Edm.Int32,Delhi,Edm.String,66-75 years,Edm.String,Male,Edm.String,> $10k,Edm.String,UnInsured,Edm.String,,,,,,,,,,,,,,,,
India,eb774b46-0abe-4cf1-bdf0-60ee1d0ef0ad,2021-11-22T10:56:30.839Z,1,Edm.Int32,Delhi,Edm.String,66-75 years,Edm.String,Male,Edm.String,> $10k,Edm.String,UnInsured,Edm.String,,,,,,,,,,,,,,,,
India,ebab8587-f40b-46b0-bda0-8dfcf2abdee8,2021-11-22T10:34:17.407Z,1,Edm.Int32,Delhi,Edm.String,66-75 years,Edm.String,Male,Edm.String,> $10k,Edm.String,UnInsured,Edm.String,,,,,,,,,,,,,,,,
India,ec3e1138-0370-409b-aebe-267b058784e8,2021-11-23T08:33:06.759Z,2,Edm.Int32,Delhi,Edm.String,66-75 years,Edm.String,Male,Edm.String,> $10k,Edm.String,UnInsured,Edm.String,,,,,,,,,,,,,,,,
India,ef969003-c400-4d3e-938b-814335dbe49d,2021-11-22T13:32:09.439Z,3,Edm.Int32,Delhi,Edm.String,66-75 years,Edm.String,Female,Edm.String,> $10k,Edm.String,UnInsured,Edm.String,,,,,,,,,,,,,,,,
India,efaa7087-7b9c-4743-815e-1088b32fdc1c,2021-11-22T12:47:54.632Z,1,Edm.Int32,Delhi,Edm.String,66-75 years,Edm.String,Male,Edm.String,> $10k,Edm.String,UnInsured,Edm.String,,,,,,,,,,,,,,,,
India,f1693f86-551e-4c64-b358-5356661a8ee4,2021-11-22T17:19:20.416Z,3,Edm.Int32,Delhi,Edm.String,66-75 years,Edm.String,Female,Edm.String,> $10k,Edm.String,UnInsured,Edm.String,,,,,,,,,,,,,,,,
India,f3254f62-83d1-46c8-a5ca-176bef27a431,2021-11-22T10:34:17.490Z,3,Edm.Int32,Delhi,Edm.String,66-75 years,Edm.String,Female,Edm.String,> $10k,Edm.String,UnInsured,Edm.String,,,,,,,,,,,,,,,,
India,f537d043-3ede-467d-bca0-95433486027c,2021-11-23T03:33:48.993Z,1,Edm.Int32,undefined,Edm.String,66-75 years,Edm.String,Male,Edm.String,> $10k,Edm.String,UnInsured,Edm.String,,,,,,,,,,,,,,,,
India,f5dca095-60e5-498f-b3c8-10667f4e6095,2021-11-22T23:31:57.247Z,3,Edm.Int32,Caribbean Sea,Edm.String,66-75 years,Edm.String,Female,Edm.String,> $10k,Edm.String,UnInsured,Edm.String,,,,,,,,,,,,,,,,
India,f62eee7e-f693-4851-b84b-95459801d514,2021-11-22T11:56:08.734Z,1,Edm.Int32,Delhi,Edm.String,66-75 years,Edm.String,Male,Edm.String,> $10k,Edm.String,UnInsured,Edm.String,,,,,,,,,,,,,,,,
India,f9fc9f70-ec66-40d3-b6da-4264e65382f1,2021-11-23T03:33:42.192Z,1,Edm.Int32,undefined,Edm.String,66-75 years,Edm.String,Male,Edm.String,> $10k,Edm.String,UnInsured,Edm.String,,,,,,,,,,,,,,,,
India,fb244446-1047-43c4-95ae-d01a82221854,2021-11-23T03:13:17.980Z,3,Edm.Int32,undefined,Edm.String,66-75 years,Edm.String,Female,Edm.String,> $10k,Edm.String,UnInsured,Edm.String,,,,,,,,,,,,,,,,
India,fc87aea7-decd-402f-b0c4-f3ec829514ca,2021-11-22T13:33:38.962Z,1,Edm.Int32,Delhi,Edm.String,66-75 years,Edm.String,Male,Edm.String,> $10k,Edm.String,UnInsured,Edm.String,,,,,,,,,,,,,,,,
India,fd02bbd7-a562-4aa8-ad87-acf8d797fa78,2021-11-22T10:56:36.113Z,2,Edm.Int32,Delhi,Edm.String,66-75 years,Edm.String,Male,Edm.String,> $10k,Edm.String,UnInsured,Edm.String,,,,,,,,,,,,,,,,
